acc,precision,recall,F1,TP,TN,FP,FN,cohen
0.9014084507042254,0.9014084507042254,1.0,0.9481481481481481,64.0,0.0,7.0,0.0,
0.8873239436619719,0.9,0.984375,0.9402985074626866,63.0,0.0,7.0,1.0,
0.5211267605633803,0.96875,0.484375,0.6458333333333334,31.0,6.0,1.0,33.0,
0.14084507042253522,1.0,0.046875,0.08955223880597014,3.0,7.0,0.0,61.0,
0.16901408450704225,1.0,0.078125,0.14492753623188406,5.0,7.0,0.0,59.0,
0.523943661971831,0.9540316901408451,0.51875,0.5537519527964044,33.2,4.0,3.0,30.8,
