acc,precision,recall,F1,TP,TN,FP,FN
0.8028169014084507,0.9310344827586207,0.84375,0.8852459016393444,54.0,3.0,4.0,10.0
0.9014084507042254,0.9014084507042254,1.0,0.9481481481481481,64.0,0.0,7.0,0.0
0.9014084507042254,0.9014084507042254,1.0,0.9481481481481481,64.0,0.0,7.0,0.0
0.9014084507042254,0.9014084507042254,1.0,0.9481481481481481,64.0,0.0,7.0,0.0
0.9014084507042254,0.9014084507042254,1.0,0.9481481481481481,64.0,0.0,7.0,0.0
0.8816901408450704,0.9073336571151044,0.96875,0.9355676988463874,62.0,0.6,6.4,2.0
