acc,precision,recall,F1
0.8309859154929577,0.9193548387096774,0.890625,0.9047619047619047
0.9014084507042254,0.9014084507042254,1.0,0.9481481481481481
0.9014084507042254,0.9014084507042254,1.0,0.9481481481481481
0.9014084507042254,0.9014084507042254,1.0,0.9481481481481481
0.9014084507042254,0.9014084507042254,1.0,0.9481481481481481
0.8873239436619718,0.9049977283053158,0.978125,0.9394708994708993
