acc,precision,recall,F1,TP,TN,FP,FN,cohen
0.3883495145631068,,0.0,,0.0,40.0,0.0,63.0,
0.5145631067961165,0.76,0.30158730158730157,0.43181818181818177,19.0,34.0,6.0,44.0,
0.3883495145631068,,0.0,,0.0,40.0,0.0,63.0,
0.3883495145631068,,0.0,,0.0,40.0,0.0,63.0,
0.3883495145631068,,0.0,,0.0,40.0,0.0,63.0,
0.4135922330097087,,0.06031746031746031,,3.8,38.8,1.2,59.2,
