acc,precision,recall,F1
0.8513513513513513,0.8513513513513513,1.0,0.9197080291970803
0.5540540540540541,0.9411764705882353,0.5079365079365079,0.6597938144329897
0.8513513513513513,0.8513513513513513,1.0,0.9197080291970803
0.8513513513513513,0.8513513513513513,1.0,0.9197080291970803
0.5675675675675675,0.9428571428571428,0.5238095238095238,0.673469387755102
