acc,precision,recall,F1
0.9358974358974359,0.9358974358974359,1.0,0.9668874172185431
0.9358974358974359,0.9358974358974359,1.0,0.9668874172185431
0.9358974358974359,0.9358974358974359,1.0,0.9668874172185431
0.9358974358974359,0.9358974358974359,1.0,0.9668874172185431
0.8333333333333334,0.9285714285714286,0.8904109589041096,0.9090909090909091
