acc,precision,recall,F1
0.9404761904761905,0.9404761904761905,1.0,0.9693251533742331
0.9404761904761905,0.9404761904761905,1.0,0.9693251533742331
0.9404761904761905,0.9404761904761905,1.0,0.9693251533742331
0.6547619047619048,0.9310344827586207,0.6835443037974683,0.7883211678832116
0.9404761904761905,0.9404761904761905,1.0,0.9693251533742331
0.8833333333333332,0.9385878489326764,0.9367088607594937,0.9331243562760289
