acc,precision,recall,F1
0.8985507246376812,0.8985507246376812,1.0,0.9465648854961832
0.8985507246376812,0.8985507246376812,1.0,0.9465648854961832
0.8985507246376812,0.8985507246376812,1.0,0.9465648854961832
0.8985507246376812,0.8985507246376812,1.0,0.9465648854961832
0.7681159420289855,0.896551724137931,0.8387096774193549,0.8666666666666666
